idP06,nombre,referenciaRV1909,edades,participantes,duracionMin,materiales,pasosFacilitador,objetivoPastoral,inclusionCuidado,detalle,prioridad,source,sourceUrl,conectividad,costo,estado,modalidad
01,Mapa del buen prójimo,Lucas 10:25–37,12+,4–24,18,tarjetas de acciones y papel,Leer caso; grupos ordenan quién ayudó; cada grupo diseña una ayuda local segura; contrastar respuestas con escena; cierre libre sin historias personales.,Identificar compasión activa y límites de seguridad,Alternativa de escribir o señalar tarjeta; sin contacto físico,Guía extendida,ALTA,"P06-B #63, comment 6070816653",https://github.com/cmiloarevalo-hash/Lago-1/issues/63#issuecomment-6070816653,OFFLINE,0 si se utilizan materiales reutilizados,PROPUESTO — SIN PILOTO / REVISIÓN PASTORAL PENDIENTE,GUÍA PRESENCIAL / NO JUEGO DIGITAL
02,Pistas hacia Emaús,Lucas 24:13–35,12+,4–25,20,tarjetas de secuencia y rotafolio,Leer relato por tramos; reconstruir cuatro escenas; marcar preguntas que hacen caminar la conversación; comparar interpretación; cierre de escucha voluntaria.,Practicar escucha narrativa contextual,Tarjetas en letra grande y rol observador,Guía extendida,ALTA,"P06-B #63, comment 6070816653",https://github.com/cmiloarevalo-hash/Lago-1/issues/63#issuecomment-6070816653,OFFLINE,0 si se utilizan materiales reutilizados,PROPUESTO — SIN PILOTO / REVISIÓN PASTORAL PENDIENTE,GUÍA PRESENCIAL / NO JUEGO DIGITAL
03,Trivia en equipo con explicación,Lucas 19:1–10; Juan 13:1–15,12+,2–30,15,"20 preguntas originales P06, carteles A B C",Formar equipos opcionales; leer pregunta y opciones; dar tiempo deliberación; revelar fuente bíblica; explicar por qué las otras opciones fallan; rotar portavoz voluntario.,"Alfabetización y contexto, sin humillación",Sin ranking público; respuesta por papel o voz,Guía extendida,ALTA,"P06-B #63, comment 6070816653",https://github.com/cmiloarevalo-hash/Lago-1/issues/63#issuecomment-6070816653,OFFLINE,0 si se utilizan materiales reutilizados,PROPUESTO — SIN PILOTO / REVISIÓN PASTORAL PENDIENTE,GUÍA PRESENCIAL / NO JUEGO DIGITAL
04,Parábolas sin confundir,Mateo 7:24–27; Lucas 15:11–32,13+,6–28,18,tarjetas de escenas y lecciones,Dos equipos leen parábolas completas; asocian escena con mensaje; revisan contexto del hablante; detectan moralejas falsas; comparten una práctica voluntaria.,Interpretar géneros sin moralizar,Permitir rol de lector o crítico silencioso,Guía extendida,ALTA,"P06-B #63, comment 6070816653",https://github.com/cmiloarevalo-hash/Lago-1/issues/63#issuecomment-6070816653,OFFLINE,0 si se utilizan materiales reutilizados,PROPUESTO — SIN PILOTO / REVISIÓN PASTORAL PENDIENTE,GUÍA PRESENCIAL / NO JUEGO DIGITAL
05,"Un cuerpo, varios dones",1 Corintios 12:12–27,12+,4–30,20,papeles de roles y dibujo colectivo,Leer pasaje; asignar roles complementarios ficticios; resolver tarea conjunta dibujando una comunidad; debatir exclusión; escribir acuerdo de respeto.,Valor de diferencias y cooperación,Roles sentados; no calificar talentos personales,Guía extendida,ALTA,"P06-B #63, comment 6070816653",https://github.com/cmiloarevalo-hash/Lago-1/issues/63#issuecomment-6070816653,OFFLINE,0 si se utilizan materiales reutilizados,PROPUESTO — SIN PILOTO / REVISIÓN PASTORAL PENDIENTE,GUÍA PRESENCIAL / NO JUEGO DIGITAL
06,Acciones de servicio posibles,Mateo 25:31–46,13+,4–25,20,tarjetas de necesidades hipotéticas,Leer pasaje con su dimensión ética; clasificar ayudas seguras y no seguras; planear gesto comunitario viable; fijar límites; compartir aprendizajes sin exigir voluntariado.,Discernir servicio responsable,No exponer a menores a desconocidos,Guía extendida,ALTA,"P06-B #63, comment 6070816653",https://github.com/cmiloarevalo-hash/Lago-1/issues/63#issuecomment-6070816653,OFFLINE,0 si se utilizan materiales reutilizados,PROPUESTO — SIN PILOTO / REVISIÓN PASTORAL PENDIENTE,GUÍA PRESENCIAL / NO JUEGO DIGITAL
08,Bienaventuranzas hoy,Mateo 5:1–12,15+,4–25,22,fichas por bienaventuranza,Contextualizar Sermón del Monte; equipos eligen una bienaventuranza; dibujan una escena respetuosa actual; distinguen ideal de culpabilización; conclusión abierta.,Comprender la ética del Reino,Nadie describe sufrimiento íntimo,Guía extendida,ALTA,"P06-B #63, comment 6070816653",https://github.com/cmiloarevalo-hash/Lago-1/issues/63#issuecomment-6070816653,OFFLINE,0 si se utilizan materiales reutilizados,PROPUESTO — SIN PILOTO / REVISIÓN PASTORAL PENDIENTE,GUÍA PRESENCIAL / NO JUEGO DIGITAL
09,Diez y uno que agradece,Lucas 17:11–19,12+,3–22,12,tarjetas de 10 personajes y pizarrón,Leer escena; identificar quién vuelve y el diálogo; proponer agradecimientos no ligados a méritos; escribir tarjeta opcional; cierre sin comparar participantes.,Reconocer gratitud sin obligación,Participación escrita o silenciosa,Guía extendida,ALTA,"P06-B #63, comment 6070816653",https://github.com/cmiloarevalo-hash/Lago-1/issues/63#issuecomment-6070816653,OFFLINE,0 si se utilizan materiales reutilizados,PROPUESTO — SIN PILOTO / REVISIÓN PASTORAL PENDIENTE,GUÍA PRESENCIAL / NO JUEGO DIGITAL
10,Ronda libre de talentos,Romanos 12:4–10,12+,5–30,12,papeles de contribuciones ficticias,Leer sobre muchos miembros; cada equipo elige aportes imaginarios; combina roles para un proyecto sencillo; documenta cómo incluir al más callado; cierre.,Valorar dones sin competir,Nunca revelar talentos personales exigidos,Ficha breve,MEDIA,"P06-B #63, comment 6070816653",https://github.com/cmiloarevalo-hash/Lago-1/issues/63#issuecomment-6070816653,OFFLINE,0 si se utilizan materiales reutilizados,PROPUESTO — SIN PILOTO / REVISIÓN PASTORAL PENDIENTE,GUÍA PRESENCIAL / NO JUEGO DIGITAL
11,Casa sobre roca en tarjetas,Mateo 7:24–27,12+,4–25,12,tarjetas con decisiones hipotéticas,Leer relato entero; parejas identifican base y resultado; relacionan metáfora con práctica; descartan idea de inmunidad a daños; acuerdan un gesto.,Discernimiento de coherencia,Evitar simulación de colapsos físicos,Ficha breve,MEDIA,"P06-B #63, comment 6070816653",https://github.com/cmiloarevalo-hash/Lago-1/issues/63#issuecomment-6070816653,OFFLINE,0 si se utilizan materiales reutilizados,PROPUESTO — SIN PILOTO / REVISIÓN PASTORAL PENDIENTE,GUÍA PRESENCIAL / NO JUEGO DIGITAL
12,Decidir acompañar,Rut 1:15–18,13+,3–20,15,mapa ficticio y tarjetas de viaje,Leer contexto de pérdidas; reconstruir decisiones de Rut; discutir apoyo y autonomía; proponer ruta segura de acompañamiento; cierre.,Lealtad que respeta libertad,No pedir experiencias familiares íntimas,Ficha breve,MEDIA,"P06-B #63, comment 6070816653",https://github.com/cmiloarevalo-hash/Lago-1/issues/63#issuecomment-6070816653,OFFLINE,0 si se utilizan materiales reutilizados,PROPUESTO — SIN PILOTO / REVISIÓN PASTORAL PENDIENTE,GUÍA PRESENCIAL / NO JUEGO DIGITAL
13,Comparte lo que hay,Juan 6:1–15,12+,5–30,15,tarjetas recursos simbólicos,Leer signo de panes; imaginar reparto en equipo; comprobar quién quedó excluido; contrastar con relato; escribir una idea de solidaridad.,Compartir sin promesa de abundancia,No exigir donaciones ni alimentos reales,Ficha breve,MEDIA,"P06-B #63, comment 6070816653",https://github.com/cmiloarevalo-hash/Lago-1/issues/63#issuecomment-6070816653,OFFLINE,0 si se utilizan materiales reutilizados,PROPUESTO — SIN PILOTO / REVISIÓN PASTORAL PENDIENTE,GUÍA PRESENCIAL / NO JUEGO DIGITAL
14,Escena silenciosa del servicio,Juan 13:1–15,14+,4–20,15,tarjetas de acciones; sillas,Leer lavatorio; crear escenificación sin tocar a otros; un observador identifica servicio no jerárquico; explicar simbolismo; cierre.,Servir sin dominación,Representación a distancia y sin contacto,Ficha breve,MEDIA,"P06-B #63, comment 6070816653",https://github.com/cmiloarevalo-hash/Lago-1/issues/63#issuecomment-6070816653,OFFLINE,0 si se utilizan materiales reutilizados,PROPUESTO — SIN PILOTO / REVISIÓN PASTORAL PENDIENTE,GUÍA PRESENCIAL / NO JUEGO DIGITAL
15,Dos tiempos para escuchar,Santiago 1:19–20,12+,4–24,10,reloj y tarjetas temáticas neutras,Leer cita; parejas dialogan sobre tema cotidiano neutro con turnos; observan interrupciones; invierten roles; comparten práctica útil.,Escucha no hostil,Se permite escribir en vez de hablar,Ficha breve,MEDIA,"P06-B #63, comment 6070816653",https://github.com/cmiloarevalo-hash/Lago-1/issues/63#issuecomment-6070816653,OFFLINE,0 si se utilizan materiales reutilizados,PROPUESTO — SIN PILOTO / REVISIÓN PASTORAL PENDIENTE,GUÍA PRESENCIAL / NO JUEGO DIGITAL
16,Comunidad de primeras páginas,Hechos 2:42–47,13+,4–30,15,hoja de prácticas comunitarias,Leer pasaje; identificar cuatro prácticas; diseñar comunidad inclusiva sin transferir bienes; debatir límites y privacidad; presentar propuestas.,Vida comunitaria sin presión financiera,No obligar confesión ni recursos,Ficha breve,MEDIA,"P06-B #63, comment 6070816653",https://github.com/cmiloarevalo-hash/Lago-1/issues/63#issuecomment-6070816653,OFFLINE,0 si se utilizan materiales reutilizados,PROPUESTO — SIN PILOTO / REVISIÓN PASTORAL PENDIENTE,GUÍA PRESENCIAL / NO JUEGO DIGITAL
17,Dos miradas al pozo,Juan 4:4–26,15+,3–18,20,tarjetas de preguntas y mapa,Leer diálogo completo; contrastar prejuicios de interlocutores; evaluar preguntas abiertas; señalar relación con culto; cierre respetuoso.,Respeto y escucha interreligiosa,Revisión catequética previa por tema sensible,Ficha breve,MEDIA,"P06-B #63, comment 6070816653",https://github.com/cmiloarevalo-hash/Lago-1/issues/63#issuecomment-6070816653,OFFLINE,0 si se utilizan materiales reutilizados,PROPUESTO — SIN PILOTO / REVISIÓN PASTORAL PENDIENTE,GUÍA PRESENCIAL / NO JUEGO DIGITAL
18,Rutas de misión,Mateo 28:16–20,13+,4–25,18,mapas ficticios y tarjetas de consentimiento,Leer envío de discípulos; grupos planean gesto educativo con consentimiento; identificar rechazo respetado; presentar ruta no coactiva; cierre.,Misión sin proselitismo forzado,No enviar menores sin acompañamiento,Ficha breve,MEDIA,"P06-B #63, comment 6070816653",https://github.com/cmiloarevalo-hash/Lago-1/issues/63#issuecomment-6070816653,OFFLINE,0 si se utilizan materiales reutilizados,PROPUESTO — SIN PILOTO / REVISIÓN PASTORAL PENDIENTE,GUÍA PRESENCIAL / NO JUEGO DIGITAL
19,Tarjetas de paz cotidiana,Juan 14:25–27,13+,4–30,12,tarjetas de conflictos ficticios,Leer discurso de despedida; equipos diferencian paz de silencio impuesto; proponen respuesta segura; revisar límites y ayuda adulta; cerrar.,Paz y búsqueda de apoyo,No dramatizar violencia familiar,Ficha breve,MEDIA,"P06-B #63, comment 6070816653",https://github.com/cmiloarevalo-hash/Lago-1/issues/63#issuecomment-6070816653,OFFLINE,0 si se utilizan materiales reutilizados,PROPUESTO — SIN PILOTO / REVISIÓN PASTORAL PENDIENTE,GUÍA PRESENCIAL / NO JUEGO DIGITAL
20,"Tormenta, confianza y cuidado",Marcos 4:35–41,12+,4–22,18,tarjetas de relato y dibujos,Leer escena; ordenar elementos de tormenta y temor; dialogar sobre pedir ayuda; descartar falsa promesa de invulnerabilidad; dibujar apoyo seguro.,Acompañamiento frente al miedo,No usar sonidos intensos ni encierro,Ficha breve,MEDIA,"P06-B #63, comment 6070816653",https://github.com/cmiloarevalo-hash/Lago-1/issues/63#issuecomment-6070816653,OFFLINE,0 si se utilizan materiales reutilizados,PROPUESTO — SIN PILOTO / REVISIÓN PASTORAL PENDIENTE,GUÍA PRESENCIAL / NO JUEGO DIGITAL
21,Magníficat y dignidad,Lucas 1:46–55,15+,4–24,20,hoja de contrastes y tarjetas,Leer canto de María con contexto de visitación; identificar dignidad y cambio social; preparar una petición solidaria original; compartir opcionalmente; cerrar.,Oración mariana y justicia,Evitar apropiación partidaria o canto obligatorio,Ficha breve,MEDIA,"P06-B #63, comment 6070816653",https://github.com/cmiloarevalo-hash/Lago-1/issues/63#issuecomment-6070816653,OFFLINE,0 si se utilizan materiales reutilizados,PROPUESTO — SIN PILOTO / REVISIÓN PASTORAL PENDIENTE,GUÍA PRESENCIAL / NO JUEGO DIGITAL