idP06,tituloOficial,interprete,autorAcreditado,anhoFuente,albumContexto,usoPastoralPropuesto,participacion,edadSugerida,fuentePrimaria,procedenciaCatolica,letraDerechos,composicionDerechos,arregloDerechos,masterDerechos,usoPublicoDerechos,apkEmbed,necesitaInternet,guiaSinAudio,estado,revision
01,Bienvenida,Betsaida,NO VERIFICADO,1998,Señor Óyenos!,acogida inicial,ALTA,12+,https://www.betsaida.cl/discograf%C3%ADa,DISCOGRAFIA GRUPO CATOLICO,PROTEGIDO/PERMISO NO VERIFICADO,PROTEGIDO/PERMISO NO VERIFICADO,NO VERIFICADO,NO VERIFICADO,NO VERIFICADO — NO AUTORIZADO POR SPOTIFY,BLOQUEADO,SÍ PARA LINK DE ESCUCHA,SI,TITULO/FUENTE P06 DOCUMENTADOS; VALIDAR ESCUCHA+LICENCIAS POR OBRA,https://github.com/cmiloarevalo-hash/Lago-1/issues/63#issuecomment-6070838718
02,Reiré Como un Niño,Betsaida,NO VERIFICADO,2015,El jardín de María,alegría y convivencia,MEDIA,12+,https://www.betsaida.cl/discograf%C3%ADa,DISCOGRAFIA GRUPO CATOLICO,PROTEGIDO/PERMISO NO VERIFICADO,PROTEGIDO/PERMISO NO VERIFICADO,NO VERIFICADO,NO VERIFICADO,NO VERIFICADO — NO AUTORIZADO POR SPOTIFY,BLOQUEADO,SÍ PARA LINK DE ESCUCHA,SI,TITULO/FUENTE P06 DOCUMENTADOS; VALIDAR ESCUCHA+LICENCIAS POR OBRA,https://github.com/cmiloarevalo-hash/Lago-1/issues/63#issuecomment-6070838718
03,Reggaeton de las Gracias,Betsaida,NO VERIFICADO,2015,El jardín de María,agradecer y animar,ALTA,13+,https://www.betsaida.cl/discograf%C3%ADa,DISCOGRAFIA GRUPO CATOLICO,PROTEGIDO/PERMISO NO VERIFICADO,PROTEGIDO/PERMISO NO VERIFICADO,NO VERIFICADO,NO VERIFICADO,NO VERIFICADO — NO AUTORIZADO POR SPOTIFY,BLOQUEADO,SÍ PARA LINK DE ESCUCHA,SI,TITULO/FUENTE P06 DOCUMENTADOS; VALIDAR ESCUCHA+LICENCIAS POR OBRA,https://github.com/cmiloarevalo-hash/Lago-1/issues/63#issuecomment-6070838718
04,El Rock de la Estrella,Betsaida,NO VERIFICADO,2005,Como Niños: Betsaida 5,animación navideña; idoneidad juvenil por probar,BAJA,12+,https://www.betsaida.cl/discograf%C3%ADa,DISCOGRAFIA GRUPO CATOLICO,PROTEGIDO/PERMISO NO VERIFICADO,PROTEGIDO/PERMISO NO VERIFICADO,NO VERIFICADO,NO VERIFICADO,NO VERIFICADO — NO AUTORIZADO POR SPOTIFY,BLOQUEADO,SÍ PARA LINK DE ESCUCHA,SI,TITULO/FUENTE P06 DOCUMENTADOS; VALIDAR ESCUCHA+LICENCIAS POR OBRA,https://github.com/cmiloarevalo-hash/Lago-1/issues/63#issuecomment-6070838718
05,Con María ¡Sí!,Betsaida,NO VERIFICADO,NO VERIFICADO,Con María ¡Sí!,comunidad mariana,MEDIA,13+,https://www.betsaida.cl/discograf%C3%ADa,DISCOGRAFIA GRUPO CATOLICO,PROTEGIDO/PERMISO NO VERIFICADO,PROTEGIDO/PERMISO NO VERIFICADO,NO VERIFICADO,NO VERIFICADO,NO VERIFICADO — NO AUTORIZADO POR SPOTIFY,BLOQUEADO,SÍ PARA LINK DE ESCUCHA,SI,TITULO/FUENTE P06 DOCUMENTADOS; VALIDAR ESCUCHA+LICENCIAS POR OBRA,https://github.com/cmiloarevalo-hash/Lago-1/issues/63#issuecomment-6070838718
06,María Te Quiero Servir,Betsaida,NO VERIFICADO,NO VERIFICADO,Con María ¡Sí!,servicio y catequesis,ALTA,13+,https://www.betsaida.cl/discograf%C3%ADa,DISCOGRAFIA GRUPO CATOLICO,PROTEGIDO/PERMISO NO VERIFICADO,PROTEGIDO/PERMISO NO VERIFICADO,NO VERIFICADO,NO VERIFICADO,NO VERIFICADO — NO AUTORIZADO POR SPOTIFY,BLOQUEADO,SÍ PARA LINK DE ESCUCHA,SI,TITULO/FUENTE P06 DOCUMENTADOS; VALIDAR ESCUCHA+LICENCIAS POR OBRA,https://github.com/cmiloarevalo-hash/Lago-1/issues/63#issuecomment-6070838718
07,Ciudadanos del Cielo,Betsaida,NO VERIFICADO,2001,Ciudadanos del cielo,identidad comunitaria,ALTA,14+,https://www.betsaida.cl/discograf%C3%ADa,DISCOGRAFIA GRUPO CATOLICO,PROTEGIDO/PERMISO NO VERIFICADO,PROTEGIDO/PERMISO NO VERIFICADO,NO VERIFICADO,NO VERIFICADO,NO VERIFICADO — NO AUTORIZADO POR SPOTIFY,BLOQUEADO,SÍ PARA LINK DE ESCUCHA,SI,TITULO/FUENTE P06 DOCUMENTADOS; VALIDAR ESCUCHA+LICENCIAS POR OBRA,https://github.com/cmiloarevalo-hash/Lago-1/issues/63#issuecomment-6070838718
08,"Jesús, Samaritano",Betsaida,NO VERIFICADO,2001,Ciudadanos del cielo,cuidado del prójimo,ALTA,13+,https://www.betsaida.cl/discograf%C3%ADa,DISCOGRAFIA GRUPO CATOLICO,PROTEGIDO/PERMISO NO VERIFICADO,PROTEGIDO/PERMISO NO VERIFICADO,NO VERIFICADO,NO VERIFICADO,NO VERIFICADO — NO AUTORIZADO POR SPOTIFY,BLOQUEADO,SÍ PARA LINK DE ESCUCHA,SI,TITULO/FUENTE P06 DOCUMENTADOS; VALIDAR ESCUCHA+LICENCIAS POR OBRA,https://github.com/cmiloarevalo-hash/Lago-1/issues/63#issuecomment-6070838718
09,Como en Caná,Betsaida,NO VERIFICADO,NO VERIFICADO,Con María ¡Sí!,preguntas bíblicas y María,MEDIA,15+,https://www.betsaida.cl/discograf%C3%ADa,DISCOGRAFIA GRUPO CATOLICO,PROTEGIDO/PERMISO NO VERIFICADO,PROTEGIDO/PERMISO NO VERIFICADO,NO VERIFICADO,NO VERIFICADO,NO VERIFICADO — NO AUTORIZADO POR SPOTIFY,BLOQUEADO,SÍ PARA LINK DE ESCUCHA,SI,TITULO/FUENTE P06 DOCUMENTADOS; VALIDAR ESCUCHA+LICENCIAS POR OBRA,https://github.com/cmiloarevalo-hash/Lago-1/issues/63#issuecomment-6070838718
10,Luz del Mundo,Betsaida,NO VERIFICADO,NO VERIFICADO,Con María ¡Sí!,reflexión sobre luz,MEDIA,13+,https://www.betsaida.cl/discograf%C3%ADa,DISCOGRAFIA GRUPO CATOLICO,PROTEGIDO/PERMISO NO VERIFICADO,PROTEGIDO/PERMISO NO VERIFICADO,NO VERIFICADO,NO VERIFICADO,NO VERIFICADO — NO AUTORIZADO POR SPOTIFY,BLOQUEADO,SÍ PARA LINK DE ESCUCHA,SI,TITULO/FUENTE P06 DOCUMENTADOS; VALIDAR ESCUCHA+LICENCIAS POR OBRA,https://github.com/cmiloarevalo-hash/Lago-1/issues/63#issuecomment-6070838718
11,Quiero Ser Santo,Betsaida,NO VERIFICADO,2005,Como Niños,santidad sin competencia,MEDIA,12+,https://www.betsaida.cl/discograf%C3%ADa,DISCOGRAFIA GRUPO CATOLICO,PROTEGIDO/PERMISO NO VERIFICADO,PROTEGIDO/PERMISO NO VERIFICADO,NO VERIFICADO,NO VERIFICADO,NO VERIFICADO — NO AUTORIZADO POR SPOTIFY,BLOQUEADO,SÍ PARA LINK DE ESCUCHA,SI,TITULO/FUENTE P06 DOCUMENTADOS; VALIDAR ESCUCHA+LICENCIAS POR OBRA,https://github.com/cmiloarevalo-hash/Lago-1/issues/63#issuecomment-6070838718
12,Vocación,Betsaida,NO VERIFICADO,1998,Señor Óyenos!,discernimiento respetuoso,MEDIA,15+,https://www.betsaida.cl/discograf%C3%ADa,DISCOGRAFIA GRUPO CATOLICO,PROTEGIDO/PERMISO NO VERIFICADO,PROTEGIDO/PERMISO NO VERIFICADO,NO VERIFICADO,NO VERIFICADO,NO VERIFICADO — NO AUTORIZADO POR SPOTIFY,BLOQUEADO,SÍ PARA LINK DE ESCUCHA,SI,TITULO/FUENTE P06 DOCUMENTADOS; VALIDAR ESCUCHA+LICENCIAS POR OBRA,https://github.com/cmiloarevalo-hash/Lago-1/issues/63#issuecomment-6070838718
14,Buen Pastor,Cristóbal Fones SJ,Cristóbal Fones SJ: letra y música © 1997,1997,Repertorio Fones,acompañamiento y oración,MEDIA,15+,https://cfones.cl/canciones/buen-pastor/,WEB CANTAUTOR JESUITA,PROTEGIDO/PERMISO NO VERIFICADO,PROTEGIDO/PERMISO NO VERIFICADO,NO VERIFICADO,NO VERIFICADO,NO VERIFICADO — NO AUTORIZADO POR SPOTIFY,BLOQUEADO,SÍ PARA LINK DE ESCUCHA,SI,TITULO/FUENTE P06 DOCUMENTADOS; VALIDAR ESCUCHA+LICENCIAS POR OBRA,https://github.com/cmiloarevalo-hash/Lago-1/issues/63#issuecomment-6070838718
15,Consagrados a ti,Cristóbal Fones SJ,Cristóbal Fones SJ: letra y música © 1996,1996,Consagrados a ti,misión y oración,MEDIA,15+,https://cfones.cl/canciones/consagrados-a-ti/,WEB CANTAUTOR JESUITA,PROTEGIDO/PERMISO NO VERIFICADO,PROTEGIDO/PERMISO NO VERIFICADO,NO VERIFICADO,NO VERIFICADO,NO VERIFICADO — NO AUTORIZADO POR SPOTIFY,BLOQUEADO,SÍ PARA LINK DE ESCUCHA,SI,TITULO/FUENTE P06 DOCUMENTADOS; VALIDAR ESCUCHA+LICENCIAS POR OBRA,https://github.com/cmiloarevalo-hash/Lago-1/issues/63#issuecomment-6070838718
16,Tu modo,Cristóbal Fones SJ,Francys Adão SJ original; traducción Cristóbal Fones SJ,2014 edición,Ite inflammate omnia,servicio y discernimiento ignaciano,ALTA,15+,https://cfones.cl/canciones/tu-modo/,WEB CANTAUTOR JESUITA,PROTEGIDO/PERMISO NO VERIFICADO,PROTEGIDO/PERMISO NO VERIFICADO,NO VERIFICADO,NO VERIFICADO,NO VERIFICADO — NO AUTORIZADO POR SPOTIFY,BLOQUEADO,SÍ PARA LINK DE ESCUCHA,SI,TITULO/FUENTE P06 DOCUMENTADOS; VALIDAR ESCUCHA+LICENCIAS POR OBRA,https://github.com/cmiloarevalo-hash/Lago-1/issues/63#issuecomment-6070838718
17,El amor permanecerá,Cristóbal Fones SJ,Cristóbal Fones SJ: letra y música © 2000,2000,Consagrados a ti,caridad comunitaria,MEDIA,15+,https://cfones.cl/discos/consagrados-a-ti/,WEB CANTAUTOR JESUITA,PROTEGIDO/PERMISO NO VERIFICADO,PROTEGIDO/PERMISO NO VERIFICADO,NO VERIFICADO,NO VERIFICADO,NO VERIFICADO — NO AUTORIZADO POR SPOTIFY,BLOQUEADO,SÍ PARA LINK DE ESCUCHA,SI,TITULO/FUENTE P06 DOCUMENTADOS; VALIDAR ESCUCHA+LICENCIAS POR OBRA,https://github.com/cmiloarevalo-hash/Lago-1/issues/63#issuecomment-6070838718
18,"Ven, Espíritu Santo",Cristóbal Fones SJ,Paula Richards letra © 1999; Cristóbal Fones música © 1999,1999,Consagrados a ti,oración libre,MEDIA,15+,https://cfones.cl/discos/consagrados-a-ti/,WEB CANTAUTOR JESUITA,PROTEGIDO/PERMISO NO VERIFICADO,PROTEGIDO/PERMISO NO VERIFICADO,NO VERIFICADO,NO VERIFICADO,NO VERIFICADO — NO AUTORIZADO POR SPOTIFY,BLOQUEADO,SÍ PARA LINK DE ESCUCHA,SI,TITULO/FUENTE P06 DOCUMENTADOS; VALIDAR ESCUCHA+LICENCIAS POR OBRA,https://github.com/cmiloarevalo-hash/Lago-1/issues/63#issuecomment-6070838718
19,"Señor, a quién iremos",Cristóbal Fones SJ,Paula Richards letra © 1999; Cristóbal Fones música © 1999,1999,Consagrados a ti,lectura y reflexión,MEDIA,15+,https://cfones.cl/discos/consagrados-a-ti/,WEB CANTAUTOR JESUITA,PROTEGIDO/PERMISO NO VERIFICADO,PROTEGIDO/PERMISO NO VERIFICADO,NO VERIFICADO,NO VERIFICADO,NO VERIFICADO — NO AUTORIZADO POR SPOTIFY,BLOQUEADO,SÍ PARA LINK DE ESCUCHA,SI,TITULO/FUENTE P06 DOCUMENTADOS; VALIDAR ESCUCHA+LICENCIAS POR OBRA,https://github.com/cmiloarevalo-hash/Lago-1/issues/63#issuecomment-6070838718
20,Resucitó el Señor,Cristóbal Fones SJ,Paula Richards letra © 1999; Cristóbal Fones música © 1999,1999,Consagrados a ti,Pascua y esperanza,MEDIA,14+,https://cfones.cl/discos/consagrados-a-ti/,WEB CANTAUTOR JESUITA,PROTEGIDO/PERMISO NO VERIFICADO,PROTEGIDO/PERMISO NO VERIFICADO,NO VERIFICADO,NO VERIFICADO,NO VERIFICADO — NO AUTORIZADO POR SPOTIFY,BLOQUEADO,SÍ PARA LINK DE ESCUCHA,SI,TITULO/FUENTE P06 DOCUMENTADOS; VALIDAR ESCUCHA+LICENCIAS POR OBRA,https://github.com/cmiloarevalo-hash/Lago-1/issues/63#issuecomment-6070838718
21,Há Pressa no Ar,JMJ Lisboa 2023,Letra: Vaz/Trocado/Gonçalves; música: Pedro Ferreira; arreglo internacional Carlos Garcia; versión LatAm Aníbal Muñoz,2023,Himno oficial JMJ,misión juvenil y disponibilidad,ALTA,13+,https://www.lisboa2023.org/es/himno,HIMNO OFICIAL JMJ,PROTEGIDO/PERMISO NO VERIFICADO,PROTEGIDO/PERMISO NO VERIFICADO,NO VERIFICADO,NO VERIFICADO,NO VERIFICADO — NO AUTORIZADO POR SPOTIFY,BLOQUEADO,SÍ PARA LINK DE ESCUCHA,SI,TITULO/FUENTE P06 DOCUMENTADOS; VALIDAR ESCUCHA+LICENCIAS POR OBRA,https://github.com/cmiloarevalo-hash/Lago-1/issues/63#issuecomment-6070838718