orden,topicId,title,categoria,subtema,sinopsisOriginal,ref1,sourceVerseLabels1,motivo1,ref2,sourceVerseLabels2,motivo2,reservaPastoral,statusExistencia,statusEditorial,corpusGitBlob
1,dios,Dios,Dios y fe,identidad y relación,"Dios: explorar identidad y relación comparando dos escenas o enseñanzas en contexto, con una aplicación no coercitiva.",Deuteronomio 6:4–5,4;5,Confesión de unicidad y llamado al amor integral,Hechos 17:24–28,24;25;26;27;28,"Discurso de Pablo sobre Creador y cercanía, en contexto de Atenas",No usar Hch 17 como aprobación total de cultos locales,VERIFICADA,REVISADO_CONTEXTO_MUESTRA,def02a2ca0684d6b4d8491c7f12d06e910d76519
2,jesus,Jesús,Dios y fe,identidad y misión,"Jesús: explorar identidad y misión comparando dos escenas o enseñanzas en contexto, con una aplicación no coercitiva.",Marcos 8:27–31,27;28;29;30;31,Identidad de Jesús unida al anuncio de pasión,Juan 1:1–14,1;2;3;4;5;6;7;8;9;10;11;12;13;14,Prólogo del evangelio: Verbo y encarnación,Marcos incluye malentendido de Pedro,VERIFICADA,REVISADO_CONTEXTO_MUESTRA,def02a2ca0684d6b4d8491c7f12d06e910d76519
3,espiritu-santo,Espíritu Santo,Dios y fe,presencia y comunidad,"Espíritu santo: explorar presencia y comunidad comparando dos escenas o enseñanzas en contexto, con una aplicación no coercitiva.",Juan 14:15–17,15;16;17,Promesa del Consolador en discurso de despedida,Hechos 2:1–13,1;2;3;4;5;6;7;8;9;10;11;12;13,Pentecostés y comunicación a diferentes lenguas,No confundir relato extraordinario con obligación de experiencia idéntica,VERIFICADA,PROPUESTO_PENDIENTE_REVISION_CONTEXTUAL,def02a2ca0684d6b4d8491c7f12d06e910d76519
4,fe,fe,Dios y fe,confianza con dudas,"Fe: explorar confianza con dudas comparando dos escenas o enseñanzas en contexto, con una aplicación no coercitiva.",Hebreos 11:1–6,1;2;3;4;5;6,Definición y ejemplos de perseverancia,Marcos 9:21–24,21;22;23;24,Petición humana de ayuda ante incredulidad,Hebreos narra también sufrimiento,VERIFICADA,PROPUESTO_PENDIENTE_REVISION_CONTEXTUAL,def02a2ca0684d6b4d8491c7f12d06e910d76519
5,confianza,confianza,Dios y fe,apoyo ante incertidumbre,"Confianza: explorar apoyo ante incertidumbre comparando dos escenas o enseñanzas en contexto, con una aplicación no coercitiva.",Salmos 56:3–4,3;4,El salmista admite temor y busca apoyo,Mateo 6:25–34,25;26;27;28;29;30;31;32;33;34,Jesús aborda preocupaciones materiales,No reemplaza decisiones prudentes ni ayuda profesional,VERIFICADA,REVISADO_CONTEXTO_MUESTRA,def02a2ca0684d6b4d8491c7f12d06e910d76519
6,gracia,gracia,Dios y fe,don y respuesta,"Gracia: explorar don y respuesta comparando dos escenas o enseñanzas en contexto, con una aplicación no coercitiva.",Efesios 2:4–10,4;5;6;7;8;9;10,Salvación no se compra con méritos,Lucas 15:11–24,11;12;13;14;15;16;17;18;19;20;21;22;23;24,La acogida del padre antecede a reparación del hijo,El relato continúa con hermano mayor,VERIFICADA,PROPUESTO_PENDIENTE_REVISION_CONTEXTUAL,def02a2ca0684d6b4d8491c7f12d06e910d76519
7,salvacion,salvación,Dios y fe,encuentro y transformación,"Salvación: explorar encuentro y transformación comparando dos escenas o enseñanzas en contexto, con una aplicación no coercitiva.",Lucas 19:1–10,1;2;3;4;5;6;7;8;9;10,Zaqueo vincula encuentro con restitución,Efesios 2:8–10,8;9;10,Don y buenas obras como consecuencia,No reducir salvación a prosperidad,VERIFICADA,PROPUESTO_PENDIENTE_REVISION_CONTEXTUAL,def02a2ca0684d6b4d8491c7f12d06e910d76519
8,evangelio,evangelio,Dios y fe,anuncio central,"Evangelio: explorar anuncio central comparando dos escenas o enseñanzas en contexto, con una aplicación no coercitiva.",Marcos 1:14–15,14;15,Resumen del anuncio y llamado inicial,1 Corintios 15:1–8,1;2;3;4;5;6;7;8,Pablo transmite tradición sobre muerte y resurrección,Corintios incluye testigos y discusión posterior,VERIFICADA,PROPUESTO_PENDIENTE_REVISION_CONTEXTUAL,def02a2ca0684d6b4d8491c7f12d06e910d76519
9,reino-de-dios,reino de Dios,Dios y fe,reino y práctica,"Reino de dios: explorar reino y práctica comparando dos escenas o enseñanzas en contexto, con una aplicación no coercitiva.",Lucas 13:18–21,18;19;20;21,Imágenes de semilla y fermento,Mateo 6:9–13,9;10;11;12;13,Oración del reino y voluntad divina,Las parábolas no son predicción económica,VERIFICADA,PROPUESTO_PENDIENTE_REVISION_CONTEXTUAL,def02a2ca0684d6b4d8491c7f12d06e910d76519
10,voluntad-de-dios,voluntad de Dios,Dios y fe,discernimiento y justicia,"Voluntad de dios: explorar discernimiento y justicia comparando dos escenas o enseñanzas en contexto, con una aplicación no coercitiva.",Miqueas 6:6–8,6;7;8,Prácticas que Dios requiere frente al ritualismo,Romanos 12:1–2,1;2,Renovar criterios de discernimiento,Miqueas denuncia desigualdad real,VERIFICADA,REVISADO_CONTEXTO_MUESTRA,def02a2ca0684d6b4d8491c7f12d06e910d76519
11,amor,amor,Amor y relaciones,acciones de amor,"Amor: explorar acciones de amor comparando dos escenas o enseñanzas en contexto, con una aplicación no coercitiva.",1 Corintios 13:1–13,1;2;3;4;5;6;7;8;9;10;11;12;13,Amor como criterio de dones y prácticas,Juan 13:34–35,34;35,Mandamiento de reconocerse por amor mutuo,No usar 1 Co 13 para tolerar abusos,VERIFICADA,REVISADO_CONTEXTO_MUESTRA,def02a2ca0684d6b4d8491c7f12d06e910d76519
12,amistad,amistad,Amor y relaciones,reciprocidad y lealtad,"Amistad: explorar reciprocidad y lealtad comparando dos escenas o enseñanzas en contexto, con una aplicación no coercitiva.",Proverbios 17:17,17,Amistad a través de dificultades,Juan 15:12–15,12;13;14;15,Jesús habla de amistad en el discipulado,No exigir sacrificios inseguros,VERIFICADA,PROPUESTO_PENDIENTE_REVISION_CONTEXTUAL,def02a2ca0684d6b4d8491c7f12d06e910d76519
13,familia,familia,Amor y relaciones,crianza y cuidado,"Familia: explorar crianza y cuidado comparando dos escenas o enseñanzas en contexto, con una aplicación no coercitiva.",Efesios 6:1–4,1;2;3;4,Responsabilidad familiar incluye evitar provocar ira,Lucas 2:41–52,41;42;43;44;45;46;47;48;49;50;51;52,Jesús joven en marco familiar complejo,No justificar autoridad violenta,VERIFICADA,PROPUESTO_PENDIENTE_REVISION_CONTEXTUAL,def02a2ca0684d6b4d8491c7f12d06e910d76519
14,matrimonio,matrimonio,Amor y relaciones,alianza y respeto,"Matrimonio: explorar alianza y respeto comparando dos escenas o enseñanzas en contexto, con una aplicación no coercitiva.",Génesis 2:18–25,18;19;20;21;22;23;24;25,Relato fundante de compañía y vínculo,1 Corintios 13:4–7,4;5;6;7,"Amor práctico, contextualizado a comunidad no solo parejas",No forzar modelo sobre situaciones personales,VERIFICADA,REVISADO_CONTEXTO_MUESTRA,def02a2ca0684d6b4d8491c7f12d06e910d76519
15,hijos,hijos,Amor y relaciones,dignidad de niños,"Hijos: explorar dignidad de niños comparando dos escenas o enseñanzas en contexto, con una aplicación no coercitiva.",Marcos 10:13–16,13;14;15;16,Jesús recibe y dignifica a los niños,Efesios 6:1–4,1;2;3;4,Responsabilidad parental hacia los hijos,Salvaguarda prevalece sobre obediencia mal entendida,VERIFICADA,PROPUESTO_PENDIENTE_REVISION_CONTEXTUAL,def02a2ca0684d6b4d8491c7f12d06e910d76519
16,projimo,prójimo,Amor y relaciones,prójimo y ayuda,"Prójimo: explorar prójimo y ayuda comparando dos escenas o enseñanzas en contexto, con una aplicación no coercitiva.",Lucas 10:25–37,25;26;27;28;29;30;31;32;33;34;35;36;37,Samaritano es agente inesperado de cuidado,Mateo 22:34–40,34;35;36;37;38;39;40,Amor al prójimo ligado al amor a Dios,No forzar exponerse a riesgos,VERIFICADA,PROPUESTO_PENDIENTE_REVISION_CONTEXTUAL,def02a2ca0684d6b4d8491c7f12d06e910d76519
17,comunidad,comunidad,Amor y relaciones,participación común,"Comunidad: explorar participación común comparando dos escenas o enseñanzas en contexto, con una aplicación no coercitiva.",Hechos 2:42–47,42;43;44;45;46;47,Prácticas de compartir y oración en primeros creyentes,1 Corintios 12:12–27,12;13;14;15;16;17;18;19;20;21;22;23;24;25;26;27,Diversidad de miembros con valor mutuo,No exigir entrega de bienes privados,VERIFICADA,PROPUESTO_PENDIENTE_REVISION_CONTEXTUAL,def02a2ca0684d6b4d8491c7f12d06e910d76519
18,unidad,unidad,Amor y relaciones,diversidad reconciliada,"Unidad: explorar diversidad reconciliada comparando dos escenas o enseñanzas en contexto, con una aplicación no coercitiva.",Efesios 4:1–6,1;2;3;4;5;6,Actitudes y vínculo de unidad sin homogeneizar,1 Corintios 12:12–26,12;13;14;15;16;17;18;19;20;21;22;23;24;25;26,Los miembros diferentes se necesitan,Unidad no silencia denuncias de abuso,VERIFICADA,PROPUESTO_PENDIENTE_REVISION_CONTEXTUAL,def02a2ca0684d6b4d8491c7f12d06e910d76519
19,reconciliacion,reconciliación,Amor y relaciones,reparar relaciones,"Reconciliación: explorar reparar relaciones comparando dos escenas o enseñanzas en contexto, con una aplicación no coercitiva.",Mateo 5:23–24,23;24,Priorizar reconciliación al presentar ofrenda,2 Corintios 5:17–20,17;18;19;20,Ministerio de reconciliación en Cristo,No exigir reconectar con agresor,VERIFICADA,PROPUESTO_PENDIENTE_REVISION_CONTEXTUAL,def02a2ca0684d6b4d8491c7f12d06e910d76519
20,servicio,servicio,Amor y relaciones,liderazgo servidor,"Servicio: explorar liderazgo servidor comparando dos escenas o enseñanzas en contexto, con una aplicación no coercitiva.",Juan 13:1–17,1;2;3;4;5;6;7;8;9;10;11;12;13;14;15;16;17,Lavatorio como gesto concreto en contexto de despedida,Marcos 10:42–45,42;43;44;45,Contrasta dominio de poder con servicio,Servicio no implica disponibilidad sin límites,VERIFICADA,PROPUESTO_PENDIENTE_REVISION_CONTEXTUAL,def02a2ca0684d6b4d8491c7f12d06e910d76519
21,perdon,perdón,Perdón y restauración,perdón y responsabilidad,"Perdón: explorar perdón y responsabilidad comparando dos escenas o enseñanzas en contexto, con una aplicación no coercitiva.",Mateo 18:21–35,21;22;23;24;25;26;27;28;29;30;31;32;33;34;35,Parábola advierte incoherencia de falta de misericordia,Lucas 23:32–34,32;33;34,Jesús ora por quienes le dañan,Perdón no cancela protección y justicia,VERIFICADA,REVISADO_CONTEXTO_MUESTRA,def02a2ca0684d6b4d8491c7f12d06e910d76519
22,misericordia,misericordia,Perdón y restauración,cuidar y acoger,"Misericordia: explorar cuidar y acoger comparando dos escenas o enseñanzas en contexto, con una aplicación no coercitiva.",Lucas 10:30–37,30;31;32;33;34;35;36;37,Auxilio activo de un desconocido herido,Lucas 15:11–24,11;12;13;14;15;16;17;18;19;20;21;22;23;24,Padre acoge al hijo que vuelve,No usar parábolas para exigir confianza ciega,VERIFICADA,PROPUESTO_PENDIENTE_REVISION_CONTEXTUAL,def02a2ca0684d6b4d8491c7f12d06e910d76519
23,arrepentimiento,arrepentimiento,Perdón y restauración,cambio verificable,"Arrepentimiento: explorar cambio verificable comparando dos escenas o enseñanzas en contexto, con una aplicación no coercitiva.",Lucas 19:1–10,1;2;3;4;5;6;7;8;9;10,Zaqueo muestra restitución económica,Hechos 2:37–41,37;38;39;40;41,Respuesta comunitaria al anuncio de Pedro,Evitar declaraciones forzadas de pecados,VERIFICADA,PROPUESTO_PENDIENTE_REVISION_CONTEXTUAL,def02a2ca0684d6b4d8491c7f12d06e910d76519
24,pecado,pecado,Perdón y restauración,responsabilidad y reparación,"Pecado: explorar responsabilidad y reparación comparando dos escenas o enseñanzas en contexto, con una aplicación no coercitiva.",Marcos 7:20–23,20;21;22;23,El problema moral incluye actos e intenciones,Romanos 3:21–26,21;22;23;24;25;26,Pablo trata pecado y justicia en contexto,No etiquetar menores con culpa pública,VERIFICADA,PROPUESTO_PENDIENTE_REVISION_CONTEXTUAL,def02a2ca0684d6b4d8491c7f12d06e910d76519
25,tentacion,tentación,Perdón y restauración,decidir bajo presión,"Tentación: explorar decidir bajo presión comparando dos escenas o enseñanzas en contexto, con una aplicación no coercitiva.",Mateo 4:1–11,1;2;3;4;5;6;7;8;9;10;11,Narración de tentaciones de Jesús,1 Corintios 10:12–13,12;13,Pablo aconseja discernir riesgos en comunidad,No implicar que trauma equivale a tentación,VERIFICADA,REVISADO_CONTEXTO_MUESTRA,def02a2ca0684d6b4d8491c7f12d06e910d76519
26,culpa,culpa,Perdón y restauración,reconocer y sanar,"Culpa: explorar reconocer y sanar comparando dos escenas o enseñanzas en contexto, con una aplicación no coercitiva.",Salmos 32:1–5,1;2;3;4;5,Confesión del salmista y búsqueda de alivio,Lucas 15:17–24,17;18;19;20;21;22;23;24,Regreso del hijo y recepción del padre,No convertir actividad en revelación íntima,VERIFICADA,PROPUESTO_PENDIENTE_REVISION_CONTEXTUAL,def02a2ca0684d6b4d8491c7f12d06e910d76519
27,restauracion,restauración,Perdón y restauración,rehacer y reparar,"Restauración: explorar rehacer y reparar comparando dos escenas o enseñanzas en contexto, con una aplicación no coercitiva.",Lucas 19:1–10,1;2;3;4;5;6;7;8;9;10,Restitución acompaña cambio de Zaqueo,Juan 21:15–19,15;16;17;18;19,Pedro recibe encargo renovado tras negación,No equiparar reparación con eliminar consecuencias,VERIFICADA,PROPUESTO_PENDIENTE_REVISION_CONTEXTUAL,def02a2ca0684d6b4d8491c7f12d06e910d76519
28,confesion,confesión,Perdón y restauración,verdad y arrepentimiento,"Confesión: explorar verdad y arrepentimiento comparando dos escenas o enseñanzas en contexto, con una aplicación no coercitiva.",Salmos 51:1–12,1;2;3;4;5;6;7;8;9;10;11;12,Salmo penitencial en contexto de arrepentimiento,1 Juan 1:5–10,5;6;7;8;9;10,Reconocer faltas y no fingir impecabilidad,Evitar penitencias obligatorias para jóvenes,VERIFICADA,PROPUESTO_PENDIENTE_REVISION_CONTEXTUAL,def02a2ca0684d6b4d8491c7f12d06e910d76519
29,obediencia,obediencia,Perdón y restauración,escucha y acción,"Obediencia: explorar escucha y acción comparando dos escenas o enseñanzas en contexto, con una aplicación no coercitiva.",Deuteronomio 6:4–9,4;5;6;7;8;9,Mandamiento recordado en vida cotidiana,Santiago 1:22–25,22;23;24;25,Ser hacedores y no solo oyentes,No es sumisión a autoridad abusiva,VERIFICADA,PROPUESTO_PENDIENTE_REVISION_CONTEXTUAL,def02a2ca0684d6b4d8491c7f12d06e910d76519
30,santidad,santidad,Perdón y restauración,vida íntegra,"Santidad: explorar vida íntegra comparando dos escenas o enseñanzas en contexto, con una aplicación no coercitiva.",1 Pedro 1:13–16,13;14;15;16,Llamado a conducta coherente,Miqueas 6:6–8,6;7;8,Ética profética va más allá de rituales,Evitar comparaciones de pureza personal,VERIFICADA,PROPUESTO_PENDIENTE_REVISION_CONTEXTUAL,def02a2ca0684d6b4d8491c7f12d06e910d76519
31,paz,paz,Vida interior,paz interior y activa,"Paz: explorar paz interior y activa comparando dos escenas o enseñanzas en contexto, con una aplicación no coercitiva.",Juan 14:25–27,25;26;27,Paz prometida en situación de despedida,Mateo 5:9–12,9;10;11;12,Bienaventuranza de quienes construyen paz,No equiparar paz con ausencia de conflicto,VERIFICADA,REVISADO_CONTEXTO_MUESTRA,def02a2ca0684d6b4d8491c7f12d06e910d76519
32,esperanza,esperanza,Vida interior,esperanza resiliente,"Esperanza: explorar esperanza resiliente comparando dos escenas o enseñanzas en contexto, con una aplicación no coercitiva.",Romanos 5:1–5,1;2;3;4;5,Esperanza vinculada a perseverancia y dificultades,1 Pedro 1:3–9,3;4;5;6;7;8;9,Horizonte de esperanza con pruebas reales,No prometer solución instantánea,VERIFICADA,PROPUESTO_PENDIENTE_REVISION_CONTEXTUAL,def02a2ca0684d6b4d8491c7f12d06e910d76519
33,gozo,gozo,Vida interior,alegría no forzada,"Gozo: explorar alegría no forzada comparando dos escenas o enseñanzas en contexto, con una aplicación no coercitiva.",Filipenses 4:4–9,4;5;6;7;8;9,Invitación a alegrarse junto a práctica de cuidado,Lucas 15:3–7,3;4;5;6;7,Fiesta por encuentro de lo perdido,La tristeza sigue siendo legítima,VERIFICADA,REVISADO_CONTEXTO_MUESTRA,def02a2ca0684d6b4d8491c7f12d06e910d76519
34,gratitud,gratitud,Vida interior,agradecer y reconocer,"Gratitud: explorar agradecer y reconocer comparando dos escenas o enseñanzas en contexto, con una aplicación no coercitiva.",Lucas 17:11–19,11;12;13;14;15;16;17;18;19,Respuesta del samaritano curado,1 Tesalonicenses 5:16–18,16;17;18,Acción de gracias como hábito de comunidad,No negar dolor real,VERIFICADA,PROPUESTO_PENDIENTE_REVISION_CONTEXTUAL,def02a2ca0684d6b4d8491c7f12d06e910d76519
35,paciencia,paciencia,Vida interior,espera activa,"Paciencia: explorar espera activa comparando dos escenas o enseñanzas en contexto, con una aplicación no coercitiva.",Santiago 5:7–11,7;8;9;10;11,Imagen del labrador y perseverancia,1 Corintios 13:4–7,4;5;6;7,Paciencia en descripción del amor,No normalizar abusos,VERIFICADA,REVISADO_CONTEXTO_MUESTRA,def02a2ca0684d6b4d8491c7f12d06e910d76519
36,humildad,humildad,Vida interior,humildad y dignidad,"Humildad: explorar humildad y dignidad comparando dos escenas o enseñanzas en contexto, con una aplicación no coercitiva.",Filipenses 2:1–11,1;2;3;4;5;6;7;8;9;10;11,Cristo como modelo de servicio,Lucas 18:9–14,9;10;11;12;13;14,Parábola contra autosuficiencia espiritual,No fomentar humillación interpersonal,VERIFICADA,PROPUESTO_PENDIENTE_REVISION_CONTEXTUAL,def02a2ca0684d6b4d8491c7f12d06e910d76519
37,sabiduria,sabiduría,Vida interior,discernir,"Sabiduría: explorar discernir comparando dos escenas o enseñanzas en contexto, con una aplicación no coercitiva.",Proverbios 2:1–11,1;2;3;4;5;6;7;8;9;10;11,Búsqueda de comprensión y prudencia,Santiago 1:5–8,5;6;7;8,Pedir sabiduría frente a pruebas,Proverbios no garantizan invulnerabilidad,VERIFICADA,PROPUESTO_PENDIENTE_REVISION_CONTEXTUAL,def02a2ca0684d6b4d8491c7f12d06e910d76519
38,valentia,valentía,Vida interior,coraje con prudencia,"Valentía: explorar coraje con prudencia comparando dos escenas o enseñanzas en contexto, con una aplicación no coercitiva.",Josué 1:6–9,6;7;8;9,Aliento para misión concreta de Josué,Hechos 4:13–20,13;14;15;16;17;18;19;20,Testimonio público en situación de presión,No trasladar conflictos bíblicos a violencia juvenil,VERIFICADA,PROPUESTO_PENDIENTE_REVISION_CONTEXTUAL,def02a2ca0684d6b4d8491c7f12d06e910d76519
39,contentamiento,contentamiento,Vida interior,suficiencia y gratitud,"Contentamiento: explorar suficiencia y gratitud comparando dos escenas o enseñanzas en contexto, con una aplicación no coercitiva.",Filipenses 4:10–13,10;11;12;13,Pablo explica vivir en escasez y abundancia,1 Timoteo 6:6–10,6;7;8;9;10,Advertencia contra codicia,No justificar pobreza impuesta,VERIFICADA,PROPUESTO_PENDIENTE_REVISION_CONTEXTUAL,def02a2ca0684d6b4d8491c7f12d06e910d76519
40,dominio-propio,dominio propio,Vida interior,autocuidado y disciplina,"Dominio propio: explorar autocuidado y disciplina comparando dos escenas o enseñanzas en contexto, con una aplicación no coercitiva.",Gálatas 5:22–25,22;23;24;25,Fruto del Espíritu incluye templanza,1 Corintios 9:24–27,24;25;26;27,Metáfora deportiva de autodisciplina,No convertir en control coercitivo,VERIFICADA,PROPUESTO_PENDIENTE_REVISION_CONTEXTUAL,def02a2ca0684d6b4d8491c7f12d06e910d76519
41,miedo,miedo,Dificultades y emociones,temor y compañía,"Miedo: explorar temor y compañía comparando dos escenas o enseñanzas en contexto, con una aplicación no coercitiva.",Salmos 56:3–4,3;4,El salmista nombra el temor,Marcos 4:35–41,35;36;37;38;39;40;41,Discípulos asustados durante tormenta,No usar relato para negar peligros objetivos,VERIFICADA,REVISADO_CONTEXTO_MUESTRA,def02a2ca0684d6b4d8491c7f12d06e910d76519
42,ansiedad,ansiedad,Dificultades y emociones,preocupación y apoyo,"Ansiedad: explorar preocupación y apoyo comparando dos escenas o enseñanzas en contexto, con una aplicación no coercitiva.",Mateo 6:25–34,25;26;27;28;29;30;31;32;33;34,Enseñanza sobre afán cotidiano,Filipenses 4:6–9,6;7;8;9,Oración y prácticas comunitarias en incertidumbre,No sustituir atención clínica,VERIFICADA,REVISADO_CONTEXTO_MUESTRA,def02a2ca0684d6b4d8491c7f12d06e910d76519
43,tristeza,tristeza,Dificultades y emociones,llanto y compañía,"Tristeza: explorar llanto y compañía comparando dos escenas o enseñanzas en contexto, con una aplicación no coercitiva.",Juan 11:32–36,32;33;34;35;36,Jesús llora ante muerte de Lázaro,Salmos 13:1–6,1;2;3;4;5;6,Lamento reconoce desesperanza y espera,Evitar positividad forzada,VERIFICADA,PROPUESTO_PENDIENTE_REVISION_CONTEXTUAL,def02a2ca0684d6b4d8491c7f12d06e910d76519
44,soledad,soledad,Dificultades y emociones,estar acompañado,"Soledad: explorar estar acompañado comparando dos escenas o enseñanzas en contexto, con una aplicación no coercitiva.",Salmos 27:7–10,7;8;9;10,El salmista se siente desamparado,Marcos 14:32–42,32;33;34;35;36;37;38;39;40;41;42,Jesús pide compañía en Getsemaní,No sustituir redes humanas reales,VERIFICADA,PROPUESTO_PENDIENTE_REVISION_CONTEXTUAL,def02a2ca0684d6b4d8491c7f12d06e910d76519
45,enojo,enojo,Dificultades y emociones,ira y límites,"Enojo: explorar ira y límites comparando dos escenas o enseñanzas en contexto, con una aplicación no coercitiva.",Efesios 4:25–32,25;26;27;28;29;30;31;32,Consejos prácticos sobre ira y palabras,Marcos 3:1–6,1;2;3;4;5;6,Relato de indignación de Jesús ante dureza,No justificar agresión,VERIFICADA,PROPUESTO_PENDIENTE_REVISION_CONTEXTUAL,def02a2ca0684d6b4d8491c7f12d06e910d76519
46,sufrimiento,sufrimiento,Dificultades y emociones,acompañamiento en dolor,"Sufrimiento: explorar acompañamiento en dolor comparando dos escenas o enseñanzas en contexto, con una aplicación no coercitiva.",Romanos 8:18–27,18;19;20;21;22;23;24;25;26;27,Esperanza situada en gemido y fragilidad,2 Corintios 1:3–7,3;4;5;6;7,Consuelo compartido en sufrimientos,No moralizar enfermedad o duelo,VERIFICADA,REVISADO_CONTEXTO_MUESTRA,def02a2ca0684d6b4d8491c7f12d06e910d76519
47,duelo,duelo,Dificultades y emociones,duelo con esperanza,"Duelo: explorar duelo con esperanza comparando dos escenas o enseñanzas en contexto, con una aplicación no coercitiva.",Juan 11:17–36,17;18;19;20;21;22;23;24;25;26;27;28;29;30;31;32;33;34;35;36,Encuentro con hermanas y llanto de Jesús,1 Tesalonicenses 4:13–18,13;14;15;16;17;18,Pablo consuela sin negar pena,No imponer plazos de duelo,VERIFICADA,PROPUESTO_PENDIENTE_REVISION_CONTEXTUAL,def02a2ca0684d6b4d8491c7f12d06e910d76519
48,desanimo,desánimo,Dificultades y emociones,recuperar fuerzas,"Desánimo: explorar recuperar fuerzas comparando dos escenas o enseñanzas en contexto, con una aplicación no coercitiva.",1 Reyes 19:1–8,1;2;3;4;5;6;7;8,Elías necesita descanso y alimento,Gálatas 6:7–10,7;8;9;10,Invitación a no cansarse de obrar bien,Evitar hablar de debilidad culpable,VERIFICADA,PROPUESTO_PENDIENTE_REVISION_CONTEXTUAL,def02a2ca0684d6b4d8491c7f12d06e910d76519
49,preocupacion,preocupación,Dificultades y emociones,priorizar y confiar,"Preocupación: explorar priorizar y confiar comparando dos escenas o enseñanzas en contexto, con una aplicación no coercitiva.",Lucas 10:38–42,38;39;40;41;42,Escena de Marta y María en hospitalidad,Mateo 6:25–34,25;26;27;28;29;30;31;32;33;34,Discusión sobre afanes materiales,No minimizar tareas de cuidado,VERIFICADA,PROPUESTO_PENDIENTE_REVISION_CONTEXTUAL,def02a2ca0684d6b4d8491c7f12d06e910d76519
50,cansancio,cansancio,Dificultades y emociones,descanso y límites,"Cansancio: explorar descanso y límites comparando dos escenas o enseñanzas en contexto, con una aplicación no coercitiva.",Mateo 11:28–30,28;29;30,Invitación de Jesús al descanso,Marcos 6:30–32,30;31;32,Discípulos se apartan a reposar,No justificar agotamiento crónico,VERIFICADA,PROPUESTO_PENDIENTE_REVISION_CONTEXTUAL,def02a2ca0684d6b4d8491c7f12d06e910d76519
51,oracion,oración,Oración y práctica espiritual,hablar con Dios,"Oración: explorar hablar con Dios comparando dos escenas o enseñanzas en contexto, con una aplicación no coercitiva.",Mateo 6:5–13,5;6;7;8;9;10;11;12;13,Enseñanza sobre oración sin exhibicionismo,Lucas 11:1–13,1;2;3;4;5;6;7;8;9;10;11;12;13,Discípulos piden aprender a orar,No confundir pedir con obtener cualquier deseo,VERIFICADA,REVISADO_CONTEXTO_MUESTRA,def02a2ca0684d6b4d8491c7f12d06e910d76519
52,alabanza,alabanza,Oración y práctica espiritual,alabar en comunidad,"Alabanza: explorar alabar en comunidad comparando dos escenas o enseñanzas en contexto, con una aplicación no coercitiva.",Salmos 150:1–6,1;2;3;4;5;6,Salmo exhorta con diversidad de instrumentos,Hechos 16:22–25,22;23;24;25,Canto y oración en prisión de Pablo,La cárcel no es pedagogía de riesgo,VERIFICADA,PROPUESTO_PENDIENTE_REVISION_CONTEXTUAL,def02a2ca0684d6b4d8491c7f12d06e910d76519
53,adoracion,adoración,Oración y práctica espiritual,adorar con sentido,"Adoración: explorar adorar con sentido comparando dos escenas o enseñanzas en contexto, con una aplicación no coercitiva.",Juan 4:19–26,19;20;21;22;23;24;25;26,Diálogo samaritana vincula culto y verdad,Salmos 95:1–7,1;2;3;4;5;6;7,Salmo llama a postrarse y reconocer cuidado,No confundir adoración con solo música,VERIFICADA,REVISADO_CONTEXTO_MUESTRA,def02a2ca0684d6b4d8491c7f12d06e910d76519
54,ayuno,ayuno,Oración y práctica espiritual,prácticas libres,"Ayuno: explorar prácticas libres comparando dos escenas o enseñanzas en contexto, con una aplicación no coercitiva.",Mateo 6:16–18,16;17;18,Jesús rechaza ostentación del ayuno,Isaías 58:3–9,3;4;5;6;7;8;9,Profeta vincula ayuno con justicia social,No imponer ayuno alimentario a menores,VERIFICADA,REVISADO_CONTEXTO_MUESTRA,def02a2ca0684d6b4d8491c7f12d06e910d76519
55,meditacion,meditación,Oración y práctica espiritual,meditar y actuar,"Meditación: explorar meditar y actuar comparando dos escenas o enseñanzas en contexto, con una aplicación no coercitiva.",Salmos 1:1–3,1;2;3,Meditación de ley como imagen de árbol,Josué 1:7–9,7;8;9,Reflexión diaria orientada a actuar,No confundir metáfora con receta mágica,VERIFICADA,PROPUESTO_PENDIENTE_REVISION_CONTEXTUAL,def02a2ca0684d6b4d8491c7f12d06e910d76519
56,lectura-biblica,lectura bíblica,Oración y práctica espiritual,leer en contexto,"Lectura bíblica: explorar leer en contexto comparando dos escenas o enseñanzas en contexto, con una aplicación no coercitiva.",Lucas 24:25–32,25;26;27;28;29;30;31;32,Jesús interpreta Escrituras en camino,2 Timoteo 3:14–17,14;15;16;17,Escritura orienta formación integral,No aislar frases para probar prejuicios,VERIFICADA,PROPUESTO_PENDIENTE_REVISION_CONTEXTUAL,def02a2ca0684d6b4d8491c7f12d06e910d76519
57,escucha,escucha,Oración y práctica espiritual,escucha respetuosa,"Escucha: explorar escucha respetuosa comparando dos escenas o enseñanzas en contexto, con una aplicación no coercitiva.",Santiago 1:19–25,19;20;21;22;23;24;25,Rapidez para oír y lentitud para hablar,1 Samuel 3:1–10,1;2;3;4;5;6;7;8;9;10,Samuel aprende a escuchar en relato histórico,No asumir voces interiores como órdenes,VERIFICADA,PROPUESTO_PENDIENTE_REVISION_CONTEXTUAL,def02a2ca0684d6b4d8491c7f12d06e910d76519
58,peticion,petición,Oración y práctica espiritual,peticiones y discernimiento,"Petición: explorar peticiones y discernimiento comparando dos escenas o enseñanzas en contexto, con una aplicación no coercitiva.",Lucas 11:5–13,5;6;7;8;9;10;11;12;13,Comparaciones de petición persistente,Mateo 7:7–12,7;8;9;10;11;12,"Pedir, buscar y tratar bien a otros",No prometer resultados automáticos,VERIFICADA,PROPUESTO_PENDIENTE_REVISION_CONTEXTUAL,def02a2ca0684d6b4d8491c7f12d06e910d76519
59,intercesion,intercesión,Oración y práctica espiritual,orar por otros,"Intercesión: explorar orar por otros comparando dos escenas o enseñanzas en contexto, con una aplicación no coercitiva.",1 Timoteo 2:1–6,1;2;3;4;5;6,Oración por personas y gobernantes,Éxodo 32:11–14,11;12;13;14,Moisés intercede en un relato complejo,No avalar conducta de autoridades injustas,VERIFICADA,PROPUESTO_PENDIENTE_REVISION_CONTEXTUAL,def02a2ca0684d6b4d8491c7f12d06e910d76519
60,accion-de-gracias,acción de gracias,Oración y práctica espiritual,gratitud compartida,"Acción de gracias: explorar gratitud compartida comparando dos escenas o enseñanzas en contexto, con una aplicación no coercitiva.",Salmos 100:1–5,1;2;3;4;5,Salmo de acción de gracias,Lucas 17:11–19,11;12;13;14;15;16;17;18;19,Curado vuelve a expresar gratitud,La ausencia de gratitud no invalida dignidad,VERIFICADA,PROPUESTO_PENDIENTE_REVISION_CONTEXTUAL,def02a2ca0684d6b4d8491c7f12d06e910d76519
61,honestidad,honestidad,Carácter y conducta,verdad y cuidado,"Honestidad: explorar verdad y cuidado comparando dos escenas o enseñanzas en contexto, con una aplicación no coercitiva.",Efesios 4:25–29,25;26;27;28;29,Abandonar mentira y usar palabras edificantes,Proverbios 12:17–22,17;18;19;20;21;22,Consecuencias de testimonio veraz,No revelar datos privados ajenos,VERIFICADA,PROPUESTO_PENDIENTE_REVISION_CONTEXTUAL,def02a2ca0684d6b4d8491c7f12d06e910d76519
62,generosidad,generosidad,Carácter y conducta,dar sin presión,"Generosidad: explorar dar sin presión comparando dos escenas o enseñanzas en contexto, con una aplicación no coercitiva.",Marcos 12:41–44,41;42;43;44,Ofrenda viuda en contexto de crítica institucional,2 Corintios 9:6–11,6;7;8;9;10;11,"Dar voluntariamente, sin tristeza ni compulsión",No usar viuda para presionar donaciones,VERIFICADA,REVISADO_CONTEXTO_MUESTRA,def02a2ca0684d6b4d8491c7f12d06e910d76519
63,justicia,justicia,Carácter y conducta,justicia concreta,"Justicia: explorar justicia concreta comparando dos escenas o enseñanzas en contexto, con una aplicación no coercitiva.",Amós 5:21–24,21;22;23;24,Denuncia culto separado del derecho,Miqueas 6:6–8,6;7;8,Practicar justicia y misericordia,No reducir justicia a castigo,VERIFICADA,PROPUESTO_PENDIENTE_REVISION_CONTEXTUAL,def02a2ca0684d6b4d8491c7f12d06e910d76519
64,compasion,compasión,Carácter y conducta,ver y actuar,"Compasión: explorar ver y actuar comparando dos escenas o enseñanzas en contexto, con una aplicación no coercitiva.",Lucas 10:25–37,25;26;27;28;29;30;31;32;33;34;35;36;37,Samaritano cuida a víctima,Mateo 9:35–38,35;36;37;38,Jesús tiene compasión de multitudes,No instrumentalizar vulnerabilidad,VERIFICADA,PROPUESTO_PENDIENTE_REVISION_CONTEXTUAL,def02a2ca0684d6b4d8491c7f12d06e910d76519
65,bondad,bondad,Carácter y conducta,bondad cotidiana,"Bondad: explorar bondad cotidiana comparando dos escenas o enseñanzas en contexto, con una aplicación no coercitiva.",Gálatas 5:22–23,22;23,Bondad como fruto del Espíritu,Lucas 6:27–36,27;28;29;30;31;32;33;34;35;36,Bien a otros incluso cuando cuesta,No exigir exposición al abuso,VERIFICADA,PROPUESTO_PENDIENTE_REVISION_CONTEXTUAL,def02a2ca0684d6b4d8491c7f12d06e910d76519
66,fidelidad,fidelidad,Carácter y conducta,compromisos,"Fidelidad: explorar compromisos comparando dos escenas o enseñanzas en contexto, con una aplicación no coercitiva.",Rut 1:15–18,15;16;17;18,Rut acompaña a Noemí,1 Corintios 4:1–5,1;2;3;4;5,Fidelidad de administradores y juicio con prudencia,No controlar amistades con lealtad,VERIFICADA,PROPUESTO_PENDIENTE_REVISION_CONTEXTUAL,def02a2ca0684d6b4d8491c7f12d06e910d76519
67,responsabilidad,responsabilidad,Carácter y conducta,manejo y deberes,"Responsabilidad: explorar manejo y deberes comparando dos escenas o enseñanzas en contexto, con una aplicación no coercitiva.",Lucas 16:1–13,1;2;3;4;5;6;7;8;9;10;11;12;13,Parábola compleja sobre administrador,Mateo 25:14–30,14;15;16;17;18;19;20;21;22;23;24;25;26;27;28;29;30,Parábola de talentos y responsabilidad,No equiparar dones con dinero o productividad,VERIFICADA,PROPUESTO_PENDIENTE_REVISION_CONTEXTUAL,def02a2ca0684d6b4d8491c7f12d06e910d76519
68,trabajo,trabajo,Carácter y conducta,trabajo digno,"Trabajo: explorar trabajo digno comparando dos escenas o enseñanzas en contexto, con una aplicación no coercitiva.",Colosenses 3:22–24,22;23;24,Ética del trabajo en estructura antigua desigual,2 Tesalonicenses 3:10–13,10;11;12;13,Responsabilidad mutua sin ociosidad,Revisar esclavitud histórica y no avalarla,VERIFICADA,PROPUESTO_PENDIENTE_REVISION_CONTEXTUAL,def02a2ca0684d6b4d8491c7f12d06e910d76519
69,descanso,descanso,Carácter y conducta,ritmo y descanso,"Descanso: explorar ritmo y descanso comparando dos escenas o enseñanzas en contexto, con una aplicación no coercitiva.",Marcos 6:30–32,30;31;32,Jesús invita discípulos a pausa,Éxodo 20:8–11,8;9;10;11,Mandamiento de descanso incluye casa y extranjeros,No imponer práctica ritual específica,VERIFICADA,PROPUESTO_PENDIENTE_REVISION_CONTEXTUAL,def02a2ca0684d6b4d8491c7f12d06e910d76519
70,disciplina,disciplina,Carácter y conducta,crecimiento sin castigo,"Disciplina: explorar crecimiento sin castigo comparando dos escenas o enseñanzas en contexto, con una aplicación no coercitiva.",Hebreos 12:5–11,5;6;7;8;9;10;11,Imagen de formación tras pruebas,1 Corintios 9:24–27,24;25;26;27,Comparación deportiva de práctica,Jamás avalar castigo corporal,VERIFICADA,PROPUESTO_PENDIENTE_REVISION_CONTEXTUAL,def02a2ca0684d6b4d8491c7f12d06e910d76519
71,decisiones,decisiones,Decisiones y vida cotidiana,elección prudente,"Decisiones: explorar elección prudente comparando dos escenas o enseñanzas en contexto, con una aplicación no coercitiva.",Deuteronomio 30:15–20,15;16;17;18;19;20,Elegir camino de vida en alianza,Lucas 14:28–33,28;29;30;31;32;33,Calcular antes de emprender compromiso,No coaccionar elecciones vocacionales,VERIFICADA,REVISADO_CONTEXTO_MUESTRA,def02a2ca0684d6b4d8491c7f12d06e910d76519
72,proposito,propósito,Decisiones y vida cotidiana,proyecto y esperanza,"Propósito: explorar proyecto y esperanza comparando dos escenas o enseñanzas en contexto, con una aplicación no coercitiva.",Jeremías 29:10–14,10;11;12;13;14,Promesa histórica a exiliados de Babilonia,Efesios 2:8–10,8;9;10,Buenas obras preparadas para comunidad,Jer 29 no es garantía individual de éxito,VERIFICADA,PROPUESTO_PENDIENTE_REVISION_CONTEXTUAL,def02a2ca0684d6b4d8491c7f12d06e910d76519
73,direccion,dirección,Decisiones y vida cotidiana,orientación espiritual,"Dirección: explorar orientación espiritual comparando dos escenas o enseñanzas en contexto, con una aplicación no coercitiva.",Proverbios 3:5–8,5;6;7;8,Buscar guía con prudencia,Salmos 119:105–112,105;106;107;108;109;110;111;112,Palabra como lámpara en poesía,No sustituir decisiones informadas,VERIFICADA,PROPUESTO_PENDIENTE_REVISION_CONTEXTUAL,def02a2ca0684d6b4d8491c7f12d06e910d76519
74,dinero,dinero,Decisiones y vida cotidiana,riqueza y prioridades,"Dinero: explorar riqueza y prioridades comparando dos escenas o enseñanzas en contexto, con una aplicación no coercitiva.",Mateo 6:19–24,19;20;21;22;23;24,Tesoros y dos señores,1 Timoteo 6:6–10,6;7;8;9;10,"Riesgo del amor al dinero, no de cualquier recurso",No condenar a quien es pobre,VERIFICADA,PROPUESTO_PENDIENTE_REVISION_CONTEXTUAL,def02a2ca0684d6b4d8491c7f12d06e910d76519
75,trabajo-y-vocacion,trabajo y vocación,Decisiones y vida cotidiana,dones y trabajo,"Trabajo y vocación: explorar dones y trabajo comparando dos escenas o enseñanzas en contexto, con una aplicación no coercitiva.",1 Corintios 12:4–11,4;5;6;7;8;9;10;11,Dones diversos en comunidad,Colosenses 3:22–24,22;23;24,Trabajo en contexto histórico de servidumbre,No usar servidumbre para normalizar explotación,VERIFICADA,PROPUESTO_PENDIENTE_REVISION_CONTEXTUAL,def02a2ca0684d6b4d8491c7f12d06e910d76519
76,estudios,estudios,Decisiones y vida cotidiana,aprender y preguntar,"Estudios: explorar aprender y preguntar comparando dos escenas o enseñanzas en contexto, con una aplicación no coercitiva.",Proverbios 1:1–7,1;2;3;4;5;6;7,Prólogo de educación sapiencial,Lucas 2:46–52,46;47;48;49;50;51;52,Jesús escucha y pregunta en templo,No convertir la curiosidad en desobediencia,VERIFICADA,PROPUESTO_PENDIENTE_REVISION_CONTEXTUAL,def02a2ca0684d6b4d8491c7f12d06e910d76519
77,tiempo,tiempo,Decisiones y vida cotidiana,ritmos de vida,"Tiempo: explorar ritmos de vida comparando dos escenas o enseñanzas en contexto, con una aplicación no coercitiva.",Eclesiastés 3:1–8,1;2;3;4;5;6;7;8,Poema de temporadas humanas,Efesios 5:15–17,15;16;17,Uso prudente del tiempo,No prescribir calendario religioso rígido,VERIFICADA,PROPUESTO_PENDIENTE_REVISION_CONTEXTUAL,def02a2ca0684d6b4d8491c7f12d06e910d76519
78,salud,salud,Decisiones y vida cotidiana,cuidar con solidaridad,"Salud: explorar cuidar con solidaridad comparando dos escenas o enseñanzas en contexto, con una aplicación no coercitiva.",Marcos 2:1–12,1;2;3;4;5;6;7;8;9;10;11;12,Amigos acompañan enfermo,Santiago 5:13–16,13;14;15;16,Oración y cuidado comunitario del enfermo,No reemplazar atención médica,VERIFICADA,PROPUESTO_PENDIENTE_REVISION_CONTEXTUAL,def02a2ca0684d6b4d8491c7f12d06e910d76519
79,sexualidad,sexualidad,Decisiones y vida cotidiana,dignidad y consentimiento,"Sexualidad: explorar dignidad y consentimiento comparando dos escenas o enseñanzas en contexto, con una aplicación no coercitiva.",1 Corintios 6:12–20,12;13;14;15;16;17;18;19;20,Pablo debate cuerpo y responsabilidad en comunidad,Génesis 2:18–25,18;19;20;21;22;23;24;25,Relato de relación y compañía,Revisión pastoral experta; no usar como coerción,VERIFICADA,REVISADO_CONTEXTO_MUESTRA,def02a2ca0684d6b4d8491c7f12d06e910d76519
80,conflictos,conflictos,Decisiones y vida cotidiana,resolver con protección,"Conflictos: explorar resolver con protección comparando dos escenas o enseñanzas en contexto, con una aplicación no coercitiva.",Mateo 18:15–20,15;16;17;18;19;20,Ruta de diálogo y comunidad,Romanos 12:17–21,17;18;19;20;21,Responder sin venganza y buscar paz,Protocolos de abuso prevalecen sobre reconciliación,VERIFICADA,PROPUESTO_PENDIENTE_REVISION_CONTEXTUAL,def02a2ca0684d6b4d8491c7f12d06e910d76519
81,creacion,creación,Biblia y comprensión,creación y cuidado,"Creación: explorar creación y cuidado comparando dos escenas o enseñanzas en contexto, con una aplicación no coercitiva.",Génesis 1:1–31,1;2;3;4;5;6;7;8;9;10;11;12;13;14;15;16;17;18;19;20;21;22;23;24;25;26;27;28;29;30;31,Relato teológico del orden creado,Salmos 104:24–35,24;25;26;27;28;29;30;31;32;33;34;35,Poema de diversidad de criaturas,No lectura científica literal exigida,VERIFICADA,PROPUESTO_PENDIENTE_REVISION_CONTEXTUAL,def02a2ca0684d6b4d8491c7f12d06e910d76519
82,pacto,pacto,Biblia y comprensión,alianzas y memoria,"Pacto: explorar alianzas y memoria comparando dos escenas o enseñanzas en contexto, con una aplicación no coercitiva.",Génesis 9:8–17,8;9;10;11;12;13;14;15;16;17,Alianza con Noé y descendientes,Éxodo 19:3–8,3;4;5;6;7;8,Convocatoria de alianza con Israel,Evitar borrar particularidad histórica,VERIFICADA,PROPUESTO_PENDIENTE_REVISION_CONTEXTUAL,def02a2ca0684d6b4d8491c7f12d06e910d76519
83,ley,ley,Biblia y comprensión,normas y cumplimiento,"Ley: explorar normas y cumplimiento comparando dos escenas o enseñanzas en contexto, con una aplicación no coercitiva.",Éxodo 20:1–17,1;2;3;4;5;6;7;8;9;10;11;12;13;14;15;16;17,Decálogo en relato de alianza,Mateo 5:17–20,17;18;19;20,Jesús discute relación con la ley,No mezclar pactos sin contexto,VERIFICADA,PROPUESTO_PENDIENTE_REVISION_CONTEXTUAL,def02a2ca0684d6b4d8491c7f12d06e910d76519
84,profecia,profecía,Biblia y comprensión,denuncia y esperanza,"Profecía: explorar denuncia y esperanza comparando dos escenas o enseñanzas en contexto, con una aplicación no coercitiva.",Isaías 61:1–3,1;2;3,Anuncio de buena noticia a oprimidos,Lucas 4:16–21,16;17;18;19;20;21,Jesús lee en sinagoga y se sitúa ante texto,No confundir profecía con horóscopo,VERIFICADA,PROPUESTO_PENDIENTE_REVISION_CONTEXTUAL,def02a2ca0684d6b4d8491c7f12d06e910d76519
85,parabolas,parábolas,Biblia y comprensión,interpretar historias,"Parábolas: explorar interpretar historias comparando dos escenas o enseñanzas en contexto, con una aplicación no coercitiva.",Lucas 15:11–32,11;12;13;14;15;16;17;18;19;20;21;22;23;24;25;26;27;28;29;30;31;32,Hijo y hermanos ilustran misericordia y tensión,Mateo 13:1–9,1;2;3;4;5;6;7;8;9,Sembrador requiere oír contexto y explicación,No aislar moraleja única,VERIFICADA,PROPUESTO_PENDIENTE_REVISION_CONTEXTUAL,def02a2ca0684d6b4d8491c7f12d06e910d76519
86,milagros,milagros,Biblia y comprensión,signos y preguntas,"Milagros: explorar signos y preguntas comparando dos escenas o enseñanzas en contexto, con una aplicación no coercitiva.",Juan 6:1–15,1;2;3;4;5;6;7;8;9;10;11;12;13;14;15,Compartir panes dentro de narración de signo,Marcos 4:35–41,35;36;37;38;39;40;41,Calma tormenta provoca pregunta por identidad,No prometer milagros clínicos,VERIFICADA,PROPUESTO_PENDIENTE_REVISION_CONTEXTUAL,def02a2ca0684d6b4d8491c7f12d06e910d76519
87,resurreccion,resurrección,Biblia y comprensión,resurrección y esperanza,"Resurrección: explorar resurrección y esperanza comparando dos escenas o enseñanzas en contexto, con una aplicación no coercitiva.",Lucas 24:1–12,1;2;3;4;5;6;7;8;9;10;11;12,Anuncio en sepulcro según Lucas,1 Corintios 15:12–22,12;13;14;15;16;17;18;19;20;21;22,Pablo argumenta relación con fe,No confundir relato y metáfora,VERIFICADA,PROPUESTO_PENDIENTE_REVISION_CONTEXTUAL,def02a2ca0684d6b4d8491c7f12d06e910d76519
88,cruz,cruz,Biblia y comprensión,entrega y esperanza,"Cruz: explorar entrega y esperanza comparando dos escenas o enseñanzas en contexto, con una aplicación no coercitiva.",Marcos 15:21–39,21;22;23;24;25;26;27;28;29;30;31;32;33;34;35;36;37;38;39,Relato de crucifixión en Marcos,Filipenses 2:5–11,5;6;7;8;9;10;11,Himno cristológico de humillación y exaltación,No glorificar daño personal,VERIFICADA,PROPUESTO_PENDIENTE_REVISION_CONTEXTUAL,def02a2ca0684d6b4d8491c7f12d06e910d76519
89,mandamientos,mandamientos,Biblia y comprensión,normas y amor,"Mandamientos: explorar normas y amor comparando dos escenas o enseñanzas en contexto, con una aplicación no coercitiva.",Éxodo 20:1–17,1;2;3;4;5;6;7;8;9;10;11;12;13;14;15;16;17,Diez mandamientos en alianza,Mateo 22:34–40,34;35;36;37;38;39;40,Jesús resume ley en dos amores,No emplear para amenazar menores,VERIFICADA,REVISADO_CONTEXTO_MUESTRA,def02a2ca0684d6b4d8491c7f12d06e910d76519
90,promesas,promesas,Biblia y comprensión,promesa y fe,"Promesas: explorar promesa y fe comparando dos escenas o enseñanzas en contexto, con una aplicación no coercitiva.",Génesis 12:1–3,1;2;3,Llamado de Abram y promesa comunitaria,Romanos 4:13–25,13;14;15;16;17;18;19;20;21;22;23;24;25,Pablo reinterpreta promesa con fe,No prometer prosperidad individual,VERIFICADA,PROPUESTO_PENDIENTE_REVISION_CONTEXTUAL,def02a2ca0684d6b4d8491c7f12d06e910d76519
91,vida-eterna,vida eterna,Esperanza y vida cristiana,vida y relación,"Vida eterna: explorar vida y relación comparando dos escenas o enseñanzas en contexto, con una aplicación no coercitiva.",Juan 3:14–21,14;15;16;17;18;19;20;21,Jesús habla con Nicodemo de vida,1 Juan 5:11–13,11;12;13,Carta reflexiona sobre vida en el Hijo,No reducir a recompensa material,VERIFICADA,PROPUESTO_PENDIENTE_REVISION_CONTEXTUAL,def02a2ca0684d6b4d8491c7f12d06e910d76519
92,muerte,muerte,Esperanza y vida cristiana,dolor y esperanza,"Muerte: explorar dolor y esperanza comparando dos escenas o enseñanzas en contexto, con una aplicación no coercitiva.",Juan 11:17–44,17;18;19;20;21;22;23;24;25;26;27;28;29;30;31;32;33;34;35;36;37;38;39;40;41;42;43;44,Lázaro: duelo y encuentro antes del signo,1 Corintios 15:50–58,50;51;52;53;54;55;56;57;58,Esperanza futura y mortalidad,No trivializar pérdidas,VERIFICADA,PROPUESTO_PENDIENTE_REVISION_CONTEXTUAL,def02a2ca0684d6b4d8491c7f12d06e910d76519
93,juicio,juicio,Esperanza y vida cristiana,responsabilidad y dignidad,"Juicio: explorar responsabilidad y dignidad comparando dos escenas o enseñanzas en contexto, con una aplicación no coercitiva.",Mateo 25:31–46,31;32;33;34;35;36;37;38;39;40;41;42;43;44;45;46,Juicio como respuesta ante necesitados,Romanos 2:1–11,1;2;3;4;5;6;7;8;9;10;11,Advertencia contra juzgar a otros,No asustar con condenación en actividades,VERIFICADA,PROPUESTO_PENDIENTE_REVISION_CONTEXTUAL,def02a2ca0684d6b4d8491c7f12d06e910d76519
94,cielo,cielo,Esperanza y vida cristiana,esperanza y símbolo,"Cielo: explorar esperanza y símbolo comparando dos escenas o enseñanzas en contexto, con una aplicación no coercitiva.",Apocalipsis 21:1–5,1;2;3;4;5,Nueva creación y fin de lágrimas en visión apocalíptica,Juan 14:1–6,1;2;3;4;5;6,Consolación a discípulos,No describir imágenes como geografía verificable,VERIFICADA,PROPUESTO_PENDIENTE_REVISION_CONTEXTUAL,def02a2ca0684d6b4d8491c7f12d06e910d76519
95,mision,misión,Esperanza y vida cristiana,envío y cuidado,"Misión: explorar envío y cuidado comparando dos escenas o enseñanzas en contexto, con una aplicación no coercitiva.",Mateo 28:16–20,16;17;18;19;20,Mandato dentro de relato de envío,Lucas 10:1–12,1;2;3;4;5;6;7;8;9;10;11;12,Discípulos enviados con hospitalidad vulnerable,No proselitismo coactivo,VERIFICADA,PROPUESTO_PENDIENTE_REVISION_CONTEXTUAL,def02a2ca0684d6b4d8491c7f12d06e910d76519
96,discipulado,discipulado,Esperanza y vida cristiana,seguir y servir,"Discipulado: explorar seguir y servir comparando dos escenas o enseñanzas en contexto, con una aplicación no coercitiva.",Lucas 9:23–26,23;24;25;26,Desafíos del seguimiento de Jesús,Juan 13:12–17,12;13;14;15;16;17,Servicio recíproco como práctica,No normalizar autolesión,VERIFICADA,PROPUESTO_PENDIENTE_REVISION_CONTEXTUAL,def02a2ca0684d6b4d8491c7f12d06e910d76519
97,testimonio,testimonio,Esperanza y vida cristiana,dar razón y escuchar,"Testimonio: explorar dar razón y escuchar comparando dos escenas o enseñanzas en contexto, con una aplicación no coercitiva.",Hechos 1:6–11,6;7;8;9;10;11,Comunidad recibe tarea de testificar,1 Pedro 3:13–17,13;14;15;16;17,Explicar esperanza con mansedumbre,No forzar testimonios íntimos,VERIFICADA,PROPUESTO_PENDIENTE_REVISION_CONTEXTUAL,def02a2ca0684d6b4d8491c7f12d06e910d76519
98,iglesia,iglesia,Esperanza y vida cristiana,comunidad diversa,"Iglesia: explorar comunidad diversa comparando dos escenas o enseñanzas en contexto, con una aplicación no coercitiva.",Hechos 2:42–47,42;43;44;45;46;47,Prácticas compartidas de primeros creyentes,1 Corintios 12:12–27,12;13;14;15;16;17;18;19;20;21;22;23;24;25;26;27,Diversidad de carismas en un cuerpo,No idealizar comunidad sin conflictos,VERIFICADA,PROPUESTO_PENDIENTE_REVISION_CONTEXTUAL,def02a2ca0684d6b4d8491c7f12d06e910d76519
99,dones,dones,Esperanza y vida cristiana,diversos servicios,"Dones: explorar diversos servicios comparando dos escenas o enseñanzas en contexto, con una aplicación no coercitiva.",1 Corintios 12:4–11,4;5;6;7;8;9;10;11,Distribución de dones del Espíritu,Romanos 12:4–8,4;5;6;7;8,Servicio en un cuerpo con funciones distintas,No jerarquizar valor humano por don,VERIFICADA,PROPUESTO_PENDIENTE_REVISION_CONTEXTUAL,def02a2ca0684d6b4d8491c7f12d06e910d76519
100,fruto-del-espiritu,fruto del Espíritu,Esperanza y vida cristiana,frutos y vida,"Fruto del espíritu: explorar frutos y vida comparando dos escenas o enseñanzas en contexto, con una aplicación no coercitiva.",Gálatas 5:22–26,22;23;24;25;26,Contraste de frutos y obras en Gálatas,Juan 15:1–8,1;2;3;4;5;6;7;8,Permanecer y dar fruto en imagen de vid,Frutos no permiten evaluar personas como mejores,VERIFICADA,REVISADO_CONTEXTO_MUESTRA,def02a2ca0684d6b4d8491c7f12d06e910d76519